Horizont h,RW,OLS,Ridge,LASSO,LASSO Sel.,Elastic Net,EN Sel.
1,0.9925450903644583,5.026193969009556,2.308984267600777,1.6282941845937478,26,1.6243811655340474,26
3,2.0062171340021284,5.281252365314353,4.1752136778715645,3.1114312652326572,12,3.186979258865037,22
6,3.013140785962259,8.02925372479813,4.694410589140568,3.5875586651142233,20,3.7609839446028475,24
12,5.160602473436335,5.999436044205499,5.158376163562848,5.316133212101844,0,5.316133212101844,0
