Horizont h,RW,OLS,Ridge,LASSO,LASSO Sel.,Elastic Net,EN Sel.
1,0.9398202868681739,3.403676099657038,2.486866490884051,1.831236641248569,29,1.8664481680624305,29
3,1.8892727962376599,5.1094172507761195,3.4855407705407035,3.101281214897148,11,3.1422415588519907,11
6,2.8449061139082303,5.632652683970717,4.376967718646322,3.672920608167026,9,3.7129376025203786,9
12,4.593447545021045,5.678443365723614,4.4683936455315685,4.132954935695368,5,4.132954935695368,5
