Horizont h,RW,OLS,Ridge,LASSO,LASSO Sel.,Elastic Net,EN Sel.
1,0.9398202868681739,3.403676099657038,2.486866490884051,1.831236641248569,29,1.8664481680624305,29
3,1.8892727962376599,5.1094172507761195,3.455062608185729,3.0413400501781784,15,3.2347895233243817,17
6,2.8449061139082303,5.632652683970717,4.334504607687643,3.8764634125022384,77,3.8764634125022384,77
12,4.593447545021045,5.678443365723614,4.479893856200716,4.03130091359741,6,4.073788594850721,7
