Horizont h,RW,OLS,Ridge,LASSO,LASSO Sel.,Elastic Net,EN Sel.
1,0.9398202868681739,3.403676099657038,2.4868664908840494,1.8312366412485694,29,1.8664481680624299,29
3,1.8892727962376599,5.1094172507761195,3.4855407705407035,3.101281214897149,11,3.142241558851992,11
6,2.8449061139082303,5.632652683970717,4.376967718646322,3.6729206081670265,9,3.7129376025203786,9
12,4.593447545021045,5.678443365723614,4.4683936455315685,4.132954935695368,5,4.132954935695368,5
